Row ID,Order ID,Order Date,Ship Date,Ship Mode,Customer ID,Customer Name,Segment,Country,City,State,Postal Code,Region,Product ID,Category,Sub-Category,Product Name,Sales,Quantity,Discount,Profit
1,CA-2016-152156,11/8/2016,11/11/2016,Second Class,CG-12520,Claire Gute,Consumer,United States,Henderson,Kentucky,42420,South,FUR-BO-10001798,Furniture,Bookcases,Bush Somerset Collection Bookcase,261.96,2,0,41.9136
2,CA-2016-152156,11/8/2016,11/11/2016,Second Class,CG-12520,Claire Gute,Consumer,United States,Henderson,Kentucky,42420,South,FUR-CH-10000454,Furniture,Chairs,"Hon Deluxe Fabric Upholstered Stacking Chairs, Rounded Back",731.94,3,0,219.582
3,CA-2016-138688,6/12/2016,6/16/2016,Second Class,DV-13045,Darrin Van Huff,Corporate,United States,Los Angeles,California,90036,West,OFF-LA-10000240,Office Supplies,Labels,Self-Adhesive Address Labels for Typewriters by Universal,14.62,2,0,6.8714
4,US-2015-108966,10/11/2015,10/18/2015,Standard Class,SO-20335,Sean O'Donnell,Consumer,United States,Fort Lauderdale,Florida,33311,South,FUR-TA-10000577,Furniture,Tables,Bretford CR4500 Series Slim Rectangular Table,957.5775,5,0.45,-383.031
5,US-2015-108966,10/11/2015,10/18/2015,Standard Class,SO-20335,Sean O'Donnell,Consumer,United States,Fort Lauderdale,Florida,33311,South,OFF-ST-10000760,Office Supplies,Storage,Eldon Fold 'N Roll Cart System,22.368,2,0.2,2.5164
6,CA-2014-115812,6/9/2014,6/14/2014,Standard Class,BH-11710,Brosina Hoffman,Consumer,United States,Los Angeles,California,90032,West,FUR-FU-10001487,Furniture,Furnishings,"Eldon Expressions Wood and Plastic Desk Accessories, Cherry Wood",48.86,7,0,14.1694
7,CA-2014-115812,6/9/2014,6/14/2014,Standard Class,BH-11710,Brosina Hoffman,Consumer,United States,Los Angeles,California,90032,West,OFF-AR-10002833,Office Supplies,Art,Newell 322,7.28,4,0,1.9656
8,CA-2014-115812,6/9/2014,6/14/2014,Standard Class,BH-11710,Brosina Hoffman,Consumer,United States,Los Angeles,California,90032,West,TEC-PH-10002275,Technology,Phones,Mitel 5320 IP Phone VoIP phone,907.152,6,0.2,90.7152
9,CA-2014-115812,6/9/2014,6/14/2014,Standard Class,BH-11710,Brosina Hoffman,Consumer,United States,Los Angeles,California,90032,West,OFF-BI-10003910,Office Supplies,Binders,DXL Angle-View Binders with Locking Rings by Samsill,18.504,3,0.2,5.7825
10,CA-2014-115812,6/9/2014,6/14/2014,Standard Class,BH-11710,Brosina Hoffman,Consumer,United States,Los Angeles,California,90032,West,OFF-AP-10002892,Office Supplies,Appliances,Belkin F5C206VTEL 6 Outlet Surge,114.9,5,0,34.47
11,CA-2014-115812,6/9/2014,6/14/2014,Standard Class,BH-11710,Brosina Hoffman,Consumer,United States,Los Angeles,California,90032,West,FUR-TA-10001539,Furniture,Tables,Chromcraft Rectangular Conference Tables,1706.184,9,0.2,85.3092
12,CA-2014-115812,6/9/2014,6/14/2014,Standard Class,BH-11710,Brosina Hoffman,Consumer,United States,Los Angeles,California,90032,West,TEC-PH-10002033,Technology,Phones,Konftel 250 Conference phone - Charcoal black,911.424,4,0.2,68.3568
13,CA-2017-114412,4/15/2017,4/20/2017,Standard Class,AA-10480,Andrew Allen,Consumer,United States,Concord,North Carolina,28027,South,OFF-PA-10002365,Office Supplies,Paper,Xerox 1967,15.552,3,0.2,5.4432
14,CA-2016-161389,12/5/2016,12/10/2016,Standard Class,IM-15070,Irene Maddox,Consumer,United States,Seattle,Washington,98103,West,OFF-BI-10003656,Office Supplies,Binders,Fellowes PB200 Plastic Comb Binding Machine,407.976,3,0.2,132.5922
15,US-2015-118983,11/22/2015,11/26/2015,Standard Class,HP-14815,Harold Pawlan,Home Office,United States,Fort Worth,Texas,76106,Central,OFF-AP-10002311,Office Supplies,Appliances,"Holmes Replacement Filter for HEPA Air Cleaner, Very Large Room, HEPA Filter",68.81,5,0.8,-123.858
16,US-2015-118983,11/22/2015,11/26/2015,Standard Class,HP-14815,Harold Pawlan,Home Office,United States,Fort Worth,Texas,76106,Central,OFF-BI-10000756,Office Supplies,Binders,Storex DuraTech Recycled Plastic Frosted Binders,2.544,3,0.8,-3.816
17,CA-2014-105893,11/11/2014,11/18/2014,Standard Class,PK-19075,Pete Kriz,Consumer,United States,Madison,Wisconsin,53711,Central,OFF-ST-10004186,Office Supplies,Storage,"Stur-D-Stor Shelving, Vertical 5-Shelf: 72""H x 36""W x 18 1/2""D",665.88,6,0,13.3176
18,CA-2014-167164,5/13/2014,5/15/2014,Second Class,AG-10270,Alejandro Grove,Consumer,United States,West Jordan,Utah,84084,West,OFF-ST-10000107,Office Supplies,Storage,Fellowes Super Stor/Drawer,55.5,2,0,9.99
19,CA-2014-143336,8/27/2014,9/1/2014,Second Class,ZD-21925,Zuschuss Donatelli,Consumer,United States,San Francisco,California,94109,West,OFF-AR-10003056,Office Supplies,Art,Newell 341,8.56,2,0,2.4824
20,CA-2014-143336,8/27/2014,9/1/2014,Second Class,ZD-21925,Zuschuss Donatelli,Consumer,United States,San Francisco,California,94109,West,TEC-PH-10001949,Technology,Phones,Cisco SPA 501G IP Phone,213.48,3,0.2,16.011
21,CA-2014-143336,8/27/2014,9/1/2014,Second Class,ZD-21925,Zuschuss Donatelli,Consumer,United States,San Francisco,California,94109,West,OFF-BI-10002215,Office Supplies,Binders,"Wilson Jones Hanging View Binder, White, 1""",22.72,4,0.2,7.384
22,CA-2016-137330,12/9/2016,12/13/2016,Standard Class,KB-16585,Ken Black,Corporate,United States,Fremont,Nebraska,68025,Central,OFF-AR-10000246,Office Supplies,Art,Newell 318,19.46,7,0,5.0596
23,CA-2016-137330,12/9/2016,12/13/2016,Standard Class,KB-16585,Ken Black,Corporate,United States,Fremont,Nebraska,68025,Central,OFF-AP-10001492,Office Supplies,Appliances,"Acco Six-Outlet Power Strip, 4' Cord Length",60.34,7,0,15.6884
24,US-2017-156909,7/16/2017,7/18/2017,Second Class,SF-20065,Sandra Flanagan,Consumer,United States,Philadelphia,Pennsylvania,19140,East,FUR-CH-10002774,Furniture,Chairs,"Global Deluxe Stacking Chair, Gray",71.372,2,0.3,-1.0196
25,CA-2015-106320,9/25/2015,9/30/2015,Standard Class,EB-13870,Emily Burns,Consumer,United States,Orem,Utah,84057,West,FUR-TA-10000577,Furniture,Tables,Bretford CR4500 Series Slim Rectangular Table,1044.63,3,0,240.2649
26,CA-2016-121755,1/16/2016,1/20/2016,Second Class,EH-13945,Eric Hoffmann,Consumer,United States,Los Angeles,California,90049,West,OFF-BI-10001634,Office Supplies,Binders,Wilson Jones Active Use Binders,11.648,2,0.2,4.2224
27,CA-2016-121755,1/16/2016,1/20/2016,Second Class,EH-13945,Eric Hoffmann,Consumer,United States,Los Angeles,California,90049,West,TEC-AC-10003027,Technology,Accessories,Imation 8GB Mini TravelDrive USB 2.0 Flash Drive,90.57,3,0,11.7741
28,US-2015-150630,9/17/2015,9/21/2015,Standard Class,TB-21520,Tracy Blumstein,Consumer,United States,Philadelphia,Pennsylvania,19140,East,FUR-BO-10004834,Furniture,Bookcases,"Riverside Palais Royal Lawyers Bookcase, Royale Cherry Finish",3083.43,7,0.5,-1665.0522
29,US-2015-150630,9/17/2015,9/21/2015,Standard Class,TB-21520,Tracy Blumstein,Consumer,United States,Philadelphia,Pennsylvania,19140,East,OFF-BI-10000474,Office Supplies,Binders,Avery Recycled Flexi-View Covers for Binding Systems,9.618,2,0.7,-7.0532
30,US-2015-150630,9/17/2015,9/21/2015,Standard Class,TB-21520,Tracy Blumstein,Consumer,United States,Philadelphia,Pennsylvania,19140,East,FUR-FU-10004848,Furniture,Furnishings,"Howard Miller 13-3/4"" Diameter Brushed Chrome Round Wall Clock",124.2,3,0.2,15.525
31,US-2015-150630,9/17/2015,9/21/2015,Standard Class,TB-21520,Tracy Blumstein,Consumer,United States,Philadelphia,Pennsylvania,19140,East,OFF-EN-10001509,Office Supplies,Envelopes,Poly String Tie Envelopes,3.264,2,0.2,1.1016
32,US-2015-150630,9/17/2015,9/21/2015,Standard Class,TB-21520,Tracy Blumstein,Consumer,United States,Philadelphia,Pennsylvania,19140,East,OFF-AR-10004042,Office Supplies,Art,"BOSTON Model 1800 Electric Pencil Sharpeners, Putty/Woodgrain",86.304,6,0.2,9.7092
33,US-2015-150630,9/17/2015,9/21/2015,Standard Class,TB-21520,Tracy Blumstein,Consumer,United States,Philadelphia,Pennsylvania,19140,East,OFF-BI-10001525,Office Supplies,Binders,"Acco Pressboard Covers with Storage Hooks, 14 7/8"" x 11"", Executive Red",6.858,6,0.7,-5.715
34,US-2015-150630,9/17/2015,9/21/2015,Standard Class,TB-21520,Tracy Blumstein,Consumer,United States,Philadelphia,Pennsylvania,19140,East,OFF-AR-10001683,Office Supplies,Art,Lumber Crayons,15.76,2,0.2,3.546
35,CA-2017-107727,10/19/2017,10/23/2017,Second Class,MA-17560,Matt Abelman,Home Office,United States,Houston,Texas,77095,Central,OFF-PA-10000249,Office Supplies,Paper,Easy-staple paper,29.472,3,0.2,9.9468
36,CA-2016-117590,12/8/2016,12/10/2016,First Class,GH-14485,Gene Hale,Corporate,United States,Richardson,Texas,75080,Central,TEC-PH-10004977,Technology,Phones,GE 30524EE4,1097.544,7,0.2,123.4737
37,CA-2016-117590,12/8/2016,12/10/2016,First Class,GH-14485,Gene Hale,Corporate,United States,Richardson,Texas,75080,Central,FUR-FU-10003664,Furniture,Furnishings,"Electrix Architect's Clamp-On Swing Arm Lamp, Black",190.92,5,0.6,-147.963
38,CA-2015-117415,12/27/2015,12/31/2015,Standard Class,SN-20710,Steve Nguyen,Home Office,United States,Houston,Texas,77041,Central,OFF-EN-10002986,Office Supplies,Envelopes,"#10-4 1/8"" x 9 1/2"" Premium Diagonal Seam Envelopes",113.328,9,0.2,35.415
39,CA-2015-117415,12/27/2015,12/31/2015,Standard Class,SN-20710,Steve Nguyen,Home Office,United States,Houston,Texas,77041,Central,FUR-BO-10002545,Furniture,Bookcases,"Atlantic Metals Mobile 3-Shelf Bookcases, Custom Colors",532.3992,3,0.32,-46.9764
40,CA-2015-117415,12/27/2015,12/31/2015,Standard Class,SN-20710,Steve Nguyen,Home Office,United States,Houston,Texas,77041,Central,FUR-CH-10004218,Furniture,Chairs,"Global Fabric Manager's Chair, Dark Gray",212.058,3,0.3,-15.147
41,CA-2015-117415,12/27/2015,12/31/2015,Standard Class,SN-20710,Steve Nguyen,Home Office,United States,Houston,Texas,77041,Central,TEC-PH-10000486,Technology,Phones,Plantronics HL10 Handset Lifter,371.168,4,0.2,41.7564
42,CA-2017-120999,9/10/2017,9/15/2017,Standard Class,LC-16930,Linda Cazamias,Corporate,United States,Naperville,Illinois,60540,Central,TEC-PH-10004093,Technology,Phones,Panasonic Kx-TS550,147.168,4,0.2,16.5564
43,CA-2016-101343,7/17/2016,7/22/2016,Standard Class,RA-19885,Ruben Ausman,Corporate,United States,Los Angeles,California,90049,West,OFF-ST-10003479,Office Supplies,Storage,"Eldon Base for stackable storage shelf, platinum",77.88,2,0,3.894
44,CA-2017-139619,9/19/2017,9/23/2017,Standard Class,ES-14080,Erin Smith,Corporate,United States,Melbourne,Florida,32935,South,OFF-ST-10003282,Office Supplies,Storage,"Advantus 10-Drawer Portable Organizer, Chrome Metal Frame, Smoke Drawers",95.616,2,0.2,9.5616
45,CA-2016-118255,3/11/2016,3/13/2016,First Class,ON-18715,Odella Nelson,Corporate,United States,Eagan,Minnesota,55122,Central,TEC-AC-10000171,Technology,Accessories,"Verbatim 25 GB 6x Blu-ray Single Layer Recordable Disc, 25/Pack",45.98,2,0,19.7714
46,CA-2016-118255,3/11/2016,3/13/2016,First Class,ON-18715,Odella Nelson,Corporate,United States,Eagan,Minnesota,55122,Central,OFF-BI-10003291,Office Supplies,Binders,Wilson Jones Leather-Like Binders with DublLock Round Rings,17.46,2,0,8.2062
47,CA-2014-146703,10/20/2014,10/25/2014,Second Class,PO-18865,Patrick O'Donnell,Consumer,United States,Westland,Michigan,48185,Central,OFF-ST-10001713,Office Supplies,Storage,"Gould Plastics 9-Pocket Panel Bin, 18-3/8w x 5-1/4d x 20-1/2h, Black",211.96,4,0,8.4784
48,CA-2016-169194,6/20/2016,6/25/2016,Standard Class,LH-16900,Lena Hernandez,Consumer,United States,Dover,Delaware,19901,East,TEC-AC-10002167,Technology,Accessories,Imation 8gb Micro Traveldrive Usb 2.0 Flash Drive,45,3,0,4.95
49,CA-2016-169194,6/20/2016,6/25/2016,Standard Class,LH-16900,Lena Hernandez,Consumer,United States,Dover,Delaware,19901,East,TEC-PH-10003988,Technology,Phones,"LF Elite 3D Dazzle Designer Hard Case Cover, Lf Stylus Pen and Wiper For Apple Iphone 5c Mini Lite",21.8,2,0,6.104
50,CA-2015-115742,4/18/2015,4/22/2015,Standard Class,DP-13000,Darren Powers,Consumer,United States,New Albany,Indiana,47150,Central,OFF-BI-10004410,Office Supplies,Binders,"C-Line Peel & Stick Add-On Filing Pockets, 8-3/4 x 5-1/8, 10/Pack",38.22,6,0,17.9634
51,CA-2015-115742,4/18/2015,4/22/2015,Standard Class,DP-13000,Darren Powers,Consumer,United States,New Albany,Indiana,47150,Central,OFF-LA-10002762,Office Supplies,Labels,Avery 485,75.18,6,0,35.3346
52,CA-2015-115742,4/18/2015,4/22/2015,Standard Class,DP-13000,Darren Powers,Consumer,United States,New Albany,Indiana,47150,Central,FUR-FU-10001706,Furniture,Furnishings,Longer-Life Soft White Bulbs,6.16,2,0,2.9568
53,CA-2015-115742,4/18/2015,4/22/2015,Standard Class,DP-13000,Darren Powers,Consumer,United States,New Albany,Indiana,47150,Central,FUR-CH-10003061,Furniture,Chairs,"Global Leather Task Chair, Black",89.99,1,0,17.0981
54,CA-2016-105816,12/11/2016,12/17/2016,Standard Class,JM-15265,Janet Molinari,Corporate,United States,New York City,New York,10024,East,OFF-FA-10000304,Office Supplies,Fasteners,Advantus Push Pins,15.26,7,0,6.2566
55,CA-2016-105816,12/11/2016,12/17/2016,Standard Class,JM-15265,Janet Molinari,Corporate,United States,New York City,New York,10024,East,TEC-PH-10002447,Technology,Phones,AT&T CL83451 4-Handset Telephone,1029.95,5,0,298.6855
56,CA-2016-111682,6/17/2016,6/18/2016,First Class,TB-21055,Ted Butterfield,Consumer,United States,Troy,New York,12180,East,OFF-ST-10000604,Office Supplies,Storage,Home/Office Personal File Carts,208.56,6,0,52.14
57,CA-2016-111682,6/17/2016,6/18/2016,First Class,TB-21055,Ted Butterfield,Consumer,United States,Troy,New York,12180,East,OFF-PA-10001569,Office Supplies,Paper,Xerox 232,32.4,5,0,15.552
58,CA-2016-111682,6/17/2016,6/18/2016,First Class,TB-21055,Ted Butterfield,Consumer,United States,Troy,New York,12180,East,FUR-CH-10003968,Furniture,Chairs,Novimex Turbo Task Chair,319.41,5,0.1,7.098
59,CA-2016-111682,6/17/2016,6/18/2016,First Class,TB-21055,Ted Butterfield,Consumer,United States,Troy,New York,12180,East,OFF-PA-10000587,Office Supplies,Paper,"Array Parchment Paper, Assorted Colors",14.56,2,0,6.9888
60,CA-2016-111682,6/17/2016,6/18/2016,First Class,TB-21055,Ted Butterfield,Consumer,United States,Troy,New York,12180,East,TEC-AC-10002167,Technology,Accessories,Imation 8gb Micro Traveldrive Usb 2.0 Flash Drive,30,2,0,3.3
61,CA-2016-111682,6/17/2016,6/18/2016,First Class,TB-21055,Ted Butterfield,Consumer,United States,Troy,New York,12180,East,OFF-BI-10001460,Office Supplies,Binders,Plastic Binding Combs,48.48,4,0.2,16.362
62,CA-2016-111682,6/17/2016,6/18/2016,First Class,TB-21055,Ted Butterfield,Consumer,United States,Troy,New York,12180,East,OFF-AR-10001868,Office Supplies,Art,Prang Dustless Chalk Sticks,1.68,1,0,0.84
63,CA-2015-135545,11/24/2015,11/30/2015,Standard Class,KM-16720,Kunst Miller,Consumer,United States,Los Angeles,California,90004,West,TEC-AC-10004633,Technology,Accessories,"Verbatim 25 GB 6x Blu-ray Single Layer Recordable Disc, 3/Pack",13.98,2,0,6.1512
64,CA-2015-135545,11/24/2015,11/30/2015,Standard Class,KM-16720,Kunst Miller,Consumer,United States,Los Angeles,California,90004,West,OFF-BI-10001078,Office Supplies,Binders,"Acco PRESSTEX Data Binder with Storage Hooks, Dark Blue, 14 7/8"" X 11""",25.824,6,0.2,9.3612
65,CA-2015-135545,11/24/2015,11/30/2015,Standard Class,KM-16720,Kunst Miller,Consumer,United States,Los Angeles,California,90004,West,OFF-PA-10003892,Office Supplies,Paper,Xerox 1943,146.73,3,0,68.9631
66,CA-2015-135545,11/24/2015,11/30/2015,Standard Class,KM-16720,Kunst Miller,Consumer,United States,Los Angeles,California,90004,West,FUR-FU-10000397,Furniture,Furnishings,Luxo Economy Swing Arm Lamp,79.76,4,0,22.3328
67,US-2015-164175,4/30/2015,5/5/2015,Standard Class,PS-18970,Paul Stevenson,Home Office,United States,Chicago,Illinois,60610,Central,FUR-CH-10001146,Furniture,Chairs,"Global Value Mid-Back Manager's Chair, Gray",213.115,5,0.3,-15.2225
68,CA-2014-106376,12/5/2014,12/10/2014,Standard Class,BS-11590,Brendan Sweed,Corporate,United States,Gilbert,Arizona,85234,West,OFF-AR-10002671,Office Supplies,Art,"Hunt BOSTON Model 1606 High-Volume Electric Pencil Sharpener, Beige",1113.024,8,0.2,111.3024
69,CA-2014-106376,12/5/2014,12/10/2014,Standard Class,BS-11590,Brendan Sweed,Corporate,United States,Gilbert,Arizona,85234,West,TEC-PH-10002726,Technology,Phones,netTALK DUO VoIP Telephone Service,167.968,4,0.2,62.988
70,CA-2016-119823,6/4/2016,6/6/2016,First Class,KD-16270,Karen Daniels,Consumer,United States,Springfield,Virginia,22153,South,OFF-PA-10000482,Office Supplies,Paper,"Snap-A-Way Black Print Carbonless Ruled Speed Letter, Triplicate",75.88,2,0,35.6636
71,CA-2016-106075,9/18/2016,9/23/2016,Standard Class,HM-14980,Henry MacAllister,Consumer,United States,New York City,New York,10009,East,OFF-BI-10004654,Office Supplies,Binders,Avery Binding System Hidden Tab Executive Style Index Sets,4.616,1,0.2,1.731
72,CA-2017-114440,9/14/2017,9/17/2017,Second Class,TB-21520,Tracy Blumstein,Consumer,United States,Jackson,Michigan,49201,Central,OFF-PA-10004675,Office Supplies,Paper,"Telephone Message Books with Fax/Mobile Section, 5 1/2"" x 3 3/16""",19.05,3,0,8.763
73,US-2015-134026,4/26/2015,5/2/2015,Standard Class,JE-15745,Joel Eaton,Consumer,United States,Memphis,Tennessee,38109,South,FUR-CH-10000513,Furniture,Chairs,High-Back Leather Manager's Chair,831.936,8,0.2,-114.3912
74,US-2015-134026,4/26/2015,5/2/2015,Standard Class,JE-15745,Joel Eaton,Consumer,United States,Memphis,Tennessee,38109,South,FUR-FU-10003708,Furniture,Furnishings,"Tenex Traditional Chairmats for Medium Pile Carpet, Standard Lip, 36"" x 48""",97.04,2,0.2,1.213
75,US-2015-134026,4/26/2015,5/2/2015,Standard Class,JE-15745,Joel Eaton,Consumer,United States,Memphis,Tennessee,38109,South,OFF-ST-10004123,Office Supplies,Storage,Safco Industrial Wire Shelving System,72.784,1,0.2,-18.196
76,US-2017-118038,12/9/2017,12/11/2017,First Class,KB-16600,Ken Brennan,Corporate,United States,Houston,Texas,77041,Central,OFF-BI-10004182,Office Supplies,Binders,Economy Binders,1.248,3,0.8,-1.9344
77,US-2017-118038,12/9/2017,12/11/2017,First Class,KB-16600,Ken Brennan,Corporate,United States,Houston,Texas,77041,Central,FUR-FU-10000260,Furniture,Furnishings,"6"" Cubicle Wall Clock, Black",9.708,3,0.6,-5.8248
78,US-2017-118038,12/9/2017,12/11/2017,First Class,KB-16600,Ken Brennan,Corporate,United States,Houston,Texas,77041,Central,OFF-ST-10000615,Office Supplies,Storage,"SimpliFile Personal File, Black Granite, 15w x 6-15/16d x 11-1/4h",27.24,3,0.2,2.724
79,US-2014-147606,11/26/2014,12/1/2014,Second Class,JE-15745,Joel Eaton,Consumer,United States,Houston,Texas,77070,Central,FUR-FU-10003194,Furniture,Furnishings,"Eldon Expressions Desk Accessory, Wood Pencil Holder, Oak",19.3,5,0.6,-14.475
80,CA-2016-127208,6/12/2016,6/15/2016,First Class,SC-20770,Stewart Carmichael,Corporate,United States,Decatur,Alabama,35601,South,OFF-AP-10002118,Office Supplies,Appliances,"1.7 Cubic Foot Compact ""Cube"" Office Refrigerators",208.16,1,0,56.2032
81,CA-2016-127208,6/12/2016,6/15/2016,First Class,SC-20770,Stewart Carmichael,Corporate,United States,Decatur,Alabama,35601,South,OFF-BI-10002309,Office Supplies,Binders,Avery Heavy-Duty EZD  Binder With Locking Rings,16.74,3,0,8.0352
82,CA-2014-139451,10/12/2014,10/16/2014,Standard Class,DN-13690,Duane Noonan,Consumer,United States,San Francisco,California,94122,West,OFF-AR-10002053,Office Supplies,Art,"Premium Writing Pencils, Soft, #2 by Central Association for the Blind",14.9,5,0,4.172
83,CA-2014-139451,10/12/2014,10/16/2014,Standard Class,DN-13690,Duane Noonan,Consumer,United States,San Francisco,California,94122,West,OFF-ST-10002370,Office Supplies,Storage,"Sortfiler Multipurpose Personal File Organizer, Black",21.39,1,0,6.2031
84,CA-2015-149734,9/3/2015,9/8/2015,Standard Class,JC-16105,Julie Creighton,Corporate,United States,Durham,North Carolina,27707,South,OFF-EN-10000927,Office Supplies,Envelopes,Jet-Pak Recycled Peel 'N' Seal Padded Mailers,200.984,7,0.2,62.8075
85,US-2017-119662,11/13/2017,11/16/2017,First Class,CS-12400,Christopher Schild,Home Office,United States,Chicago,Illinois,60623,Central,OFF-ST-10003656,Office Supplies,Storage,Safco Industrial Wire Shelving,230.376,3,0.2,-48.9549
86,CA-2017-140088,5/28/2017,5/30/2017,Second Class,PO-18865,Patrick O'Donnell,Consumer,United States,Columbia,South Carolina,29203,South,FUR-CH-10000863,Furniture,Chairs,Novimex Swivel Fabric Task Chair,301.96,2,0,33.2156
87,CA-2017-155558,10/26/2017,11/2/2017,Standard Class,PG-18895,Paul Gonzalez,Consumer,United States,Rochester,Minnesota,55901,Central,TEC-AC-10001998,Technology,Accessories,Logitech LS21 Speaker System - PC Multimedia - 2.1-CH - Wired,19.99,1,0,6.7966
88,CA-2017-155558,10/26/2017,11/2/2017,Standard Class,PG-18895,Paul Gonzalez,Consumer,United States,Rochester,Minnesota,55901,Central,OFF-LA-10000134,Office Supplies,Labels,Avery 511,6.16,2,0,2.9568
89,CA-2016-159695,4/5/2016,4/10/2016,Second Class,GM-14455,Gary Mitchum,Home Office,United States,Houston,Texas,77095,Central,OFF-ST-10003442,Office Supplies,Storage,Eldon Portable Mobile Manager,158.368,7,0.2,13.8572
90,CA-2016-109806,9/17/2016,9/22/2016,Standard Class,JS-15685,Jim Sink,Corporate,United States,Los Angeles,California,90036,West,OFF-AR-10004930,Office Supplies,Art,Turquoise Lead Holder with Pocket Clip,20.1,3,0,6.633
91,CA-2016-109806,9/17/2016,9/22/2016,Standard Class,JS-15685,Jim Sink,Corporate,United States,Los Angeles,California,90036,West,TEC-PH-10004093,Technology,Phones,Panasonic Kx-TS550,73.584,2,0.2,8.2782
92,CA-2016-109806,9/17/2016,9/22/2016,Standard Class,JS-15685,Jim Sink,Corporate,United States,Los Angeles,California,90036,West,OFF-PA-10000304,Office Supplies,Paper,Xerox 1995,6.48,1,0,3.1104
93,CA-2015-149587,1/31/2015,2/5/2015,Second Class,KB-16315,Karl Braun,Consumer,United States,Minneapolis,Minnesota,55407,Central,OFF-PA-10003177,Office Supplies,Paper,Xerox 1999,12.96,2,0,6.2208
94,CA-2015-149587,1/31/2015,2/5/2015,Second Class,KB-16315,Karl Braun,Consumer,United States,Minneapolis,Minnesota,55407,Central,FUR-FU-10003799,Furniture,Furnishings,"Seth Thomas 13 1/2"" Wall Clock",53.34,3,0,16.5354
95,CA-2015-149587,1/31/2015,2/5/2015,Second Class,KB-16315,Karl Braun,Consumer,United States,Minneapolis,Minnesota,55407,Central,OFF-BI-10002852,Office Supplies,Binders,Ibico Standard Transparent Covers,32.96,2,0,16.1504
96,US-2017-109484,11/6/2017,11/12/2017,Standard Class,RB-19705,Roger Barcio,Home Office,United States,Portland,Oregon,97206,West,OFF-BI-10004738,Office Supplies,Binders,Flexible Leather- Look Classic Collection Ring Binder,5.682,1,0.7,-3.788
97,CA-2017-161018,11/9/2017,11/11/2017,Second Class,PN-18775,Parhena Norris,Home Office,United States,New York City,New York,10009,East,FUR-FU-10000629,Furniture,Furnishings,9-3/4 Diameter Round Wall Clock,96.53,7,0,40.5426
98,CA-2017-157833,6/17/2017,6/20/2017,First Class,KD-16345,Katherine Ducich,Consumer,United States,San Francisco,California,94122,West,OFF-BI-10001721,Office Supplies,Binders,Trimflex Flexible Post Binders,51.312,3,0.2,17.9592
99,CA-2016-149223,9/6/2016,9/11/2016,Standard Class,ER-13855,Elpida Rittenbach,Corporate,United States,Saint Paul,Minnesota,55106,Central,OFF-AP-10000358,Office Supplies,Appliances,Fellowes Basic Home/Office Series Surge Protectors,77.88,6,0,22.5852
100,CA-2016-158568,8/29/2016,9/2/2016,Standard Class,RB-19465,Rick Bensley,Home Office,United States,Chicago,Illinois,60610,Central,OFF-PA-10003256,Office Supplies,Paper,Avery Personal Creations Heavyweight Cards,64.624,7,0.2,22.6184
101,CA-2016-158568,8/29/2016,9/2/2016,Standard Class,RB-19465,Rick Bensley,Home Office,United States,Chicago,Illinois,60610,Central,TEC-AC-10001767,Technology,Accessories,SanDisk Ultra 64 GB MicroSDHC Class 10 Memory Card,95.976,3,0.2,-10.7973
102,CA-2016-158568,8/29/2016,9/2/2016,Standard Class,RB-19465,Rick Bensley,Home Office,United States,Chicago,Illinois,60610,Central,OFF-BI-10002609,Office Supplies,Binders,Avery Hidden Tab Dividers for Binding Systems,1.788,3,0.8,-3.0396
103,CA-2016-129903,12/1/2016,12/4/2016,Second Class,GZ-14470,Gary Zandusky,Consumer,United States,Rochester,Minnesota,55901,Central,OFF-PA-10004040,Office Supplies,Paper,Universal Premium White Copier/Laser Paper (20Lb. and 87 Bright),23.92,4,0,11.7208
104,US-2015-156867,11/13/2015,11/17/2015,Standard Class,LC-16870,Lena Cacioppo,Consumer,United States,Aurora,Colorado,80013,West,TEC-AC-10001552,Technology,Accessories,Logitech K350 2.4Ghz Wireless Keyboard,238.896,6,0.2,-26.8758
105,US-2015-156867,11/13/2015,11/17/2015,Standard Class,LC-16870,Lena Cacioppo,Consumer,United States,Aurora,Colorado,80013,West,FUR-FU-10004006,Furniture,Furnishings,"Deflect-o DuraMat Lighweight, Studded, Beveled Mat for Low Pile Carpeting",102.36,3,0.2,-3.8385
106,US-2015-156867,11/13/2015,11/17/2015,Standard Class,LC-16870,Lena Cacioppo,Consumer,United States,Aurora,Colorado,80013,West,OFF-BI-10002794,Office Supplies,Binders,"Avery Trapezoid Ring Binder, 3"" Capacity, Black, 1040 sheets",36.882,3,0.7,-25.8174
107,CA-2017-119004,11/23/2017,11/28/2017,Standard Class,JM-15250,Janet Martin,Consumer,United States,Charlotte,North Carolina,28205,South,TEC-AC-10003499,Technology,Accessories,Memorex Mini Travel Drive 8 GB USB 2.0 Flash Drive,74.112,8,0.2,17.6016
108,CA-2017-119004,11/23/2017,11/28/2017,Standard Class,JM-15250,Janet Martin,Consumer,United States,Charlotte,North Carolina,28205,South,TEC-PH-10002844,Technology,Phones,Speck Products Candyshell Flip Case,27.992,1,0.2,2.0994
109,CA-2017-119004,11/23/2017,11/28/2017,Standard Class,JM-15250,Janet Martin,Consumer,United States,Charlotte,North Carolina,28205,South,OFF-AR-10000390,Office Supplies,Art,Newell Chalk Holder,3.304,1,0.2,1.0738
110,CA-2015-129476,10/15/2015,10/20/2015,Standard Class,PA-19060,Pete Armstrong,Home Office,United States,Orland Park,Illinois,60462,Central,TEC-AC-10000844,Technology,Accessories,Logitech Gaming G510s - Keyboard,339.96,5,0.2,67.992
111,CA-2017-146780,12/25/2017,12/30/2017,Standard Class,CV-12805,Cynthia Voltz,Corporate,United States,New York City,New York,10035,East,FUR-FU-10001934,Furniture,Furnishings,Magnifier Swing Arm Lamp,41.96,2,0,10.9096
112,CA-2016-128867,11/3/2016,11/10/2016,Standard Class,CL-12565,Clay Ludtke,Consumer,United States,Urbandale,Iowa,50322,Central,OFF-AR-10000380,Office Supplies,Art,"Hunt PowerHouse Electric Pencil Sharpener, Blue",75.96,2,0,22.788
113,CA-2016-128867,11/3/2016,11/10/2016,Standard Class,CL-12565,Clay Ludtke,Consumer,United States,Urbandale,Iowa,50322,Central,OFF-BI-10003981,Office Supplies,Binders,"Avery Durable Plastic 1"" Binders",27.24,6,0,13.3476
114,CA-2014-115259,8/25/2014,8/27/2014,Second Class,RC-19960,Ryan Crowe,Consumer,United States,Columbus,Ohio,43229,East,OFF-FA-10000621,Office Supplies,Fasteners,"OIC Colored Binder Clips, Assorted Sizes",40.096,14,0.2,14.5348
115,CA-2014-115259,8/25/2014,8/27/2014,Second Class,RC-19960,Ryan Crowe,Consumer,United States,Columbus,Ohio,43229,East,OFF-EN-10002600,Office Supplies,Envelopes,"Redi-Strip #10 Envelopes, 4 1/8 x 9 1/2",4.72,2,0.2,1.652
116,CA-2014-115259,8/25/2014,8/27/2014,Second Class,RC-19960,Ryan Crowe,Consumer,United States,Columbus,Ohio,43229,East,OFF-PA-10004965,Office Supplies,Paper,Xerox 1921,23.976,3,0.2,7.4925
117,CA-2014-115259,8/25/2014,8/27/2014,Second Class,RC-19960,Ryan Crowe,Consumer,United States,Columbus,Ohio,43229,East,OFF-EN-10002504,Office Supplies,Envelopes,"Tyvek  Top-Opening Peel & Seel Envelopes, Plain White",130.464,6,0.2,44.0316
118,CA-2015-110457,3/2/2015,3/6/2015,Standard Class,DK-13090,Dave Kipp,Consumer,United States,Seattle,Washington,98103,West,FUR-TA-10001768,Furniture,Tables,Hon Racetrack Conference Tables,787.53,3,0,165.3813
119,US-2015-136476,4/5/2015,4/10/2015,Standard Class,GG-14650,Greg Guthrie,Corporate,United States,Bristol,Tennessee,37620,South,OFF-BI-10003650,Office Supplies,Binders,GBC DocuBind 300 Electric Binding Machine,157.794,1,0.7,-115.7156
120,CA-2016-103730,6/12/2016,6/15/2016,First Class,SC-20725,Steven Cartwright,Consumer,United States,Wilmington,Delaware,19805,East,FUR-FU-10002157,Furniture,Furnishings,Artistic Insta-Plaque,47.04,3,0,18.3456
121,CA-2016-103730,6/12/2016,6/15/2016,First Class,SC-20725,Steven Cartwright,Consumer,United States,Wilmington,Delaware,19805,East,OFF-BI-10003910,Office Supplies,Binders,DXL Angle-View Binders with Locking Rings by Samsill,30.84,4,0,13.878
122,CA-2016-103730,6/12/2016,6/15/2016,First Class,SC-20725,Steven Cartwright,Consumer,United States,Wilmington,Delaware,19805,East,OFF-ST-10000777,Office Supplies,Storage,"Companion Letter/Legal File, Black",226.56,6,0,63.4368
123,CA-2016-103730,6/12/2016,6/15/2016,First Class,SC-20725,Steven Cartwright,Consumer,United States,Wilmington,Delaware,19805,East,OFF-EN-10002500,Office Supplies,Envelopes,Globe Weis Peel & Seel First Class Envelopes,115.02,9,0,51.759
124,CA-2016-103730,6/12/2016,6/15/2016,First Class,SC-20725,Steven Cartwright,Consumer,United States,Wilmington,Delaware,19805,East,TEC-PH-10003875,Technology,Phones,KLD Oscar II Style Snap-on Ultra Thin Side Flip Synthetic Leather Cover Case for HTC One HTC M7,68.04,7,0,19.7316
125,US-2014-152030,12/26/2014,12/28/2014,Second Class,AD-10180,Alan Dominguez,Home Office,United States,Houston,Texas,77041,Central,FUR-CH-10004063,Furniture,Chairs,Global Deluxe High-Back Manager's Chair,600.558,3,0.3,-8.5794
126,US-2014-134614,9/20/2014,9/25/2014,Standard Class,PF-19165,Philip Fox,Consumer,United States,Bloomington,Illinois,61701,Central,FUR-TA-10004534,Furniture,Tables,Bevis 44 x 96 Conference Tables,617.7,6,0.5,-407.682
127,US-2017-107272,11/5/2017,11/12/2017,Standard Class,TS-21610,Troy Staebel,Consumer,United States,Phoenix,Arizona,85023,West,OFF-BI-10003274,Office Supplies,Binders,"Avery Durable Slant Ring Binders, No Labels",2.388,2,0.7,-1.8308
128,US-2017-107272,11/5/2017,11/12/2017,Standard Class,TS-21610,Troy Staebel,Consumer,United States,Phoenix,Arizona,85023,West,OFF-ST-10002974,Office Supplies,Storage,"Trav-L-File Heavy-Duty Shuttle II, Black",243.992,7,0.2,30.499
129,US-2016-125969,11/6/2016,11/10/2016,Second Class,LS-16975,Lindsay Shagiari,Home Office,United States,Los Angeles,California,90004,West,FUR-CH-10001146,Furniture,Chairs,"Global Task Chair, Black",81.424,2,0.2,-9.1602
130,US-2016-125969,11/6/2016,11/10/2016,Second Class,LS-16975,Lindsay Shagiari,Home Office,United States,Los Angeles,California,90004,West,FUR-FU-10003773,Furniture,Furnishings,Eldon Cleatmat Plus Chair Mats for High Pile Carpets,238.56,3,0,26.2416
131,US-2017-164147,2/2/2017,2/5/2017,First Class,DW-13585,Dorothy Wardle,Corporate,United States,Columbus,Ohio,43229,East,TEC-PH-10002293,Technology,Phones,Anker 36W 4-Port USB Wall Charger Travel Power Adapter for iPhone 5s 5c 5,59.97,5,0.4,-11.994
132,US-2017-164147,2/2/2017,2/5/2017,First Class,DW-13585,Dorothy Wardle,Corporate,United States,Columbus,Ohio,43229,East,OFF-PA-10002377,Office Supplies,Paper,Xerox 1916,78.304,2,0.2,29.364
133,US-2017-164147,2/2/2017,2/5/2017,First Class,DW-13585,Dorothy Wardle,Corporate,United States,Columbus,Ohio,43229,East,OFF-FA-10002780,Office Supplies,Fasteners,Staples,21.456,9,0.2,6.9732
134,CA-2016-145583,10/13/2016,10/19/2016,Standard Class,LC-16885,Lena Creighton,Consumer,United States,Roseville,California,95661,West,OFF-PA-10001804,Office Supplies,Paper,Xerox 195,20.04,3,0,9.6192
135,CA-2016-145583,10/13/2016,10/19/2016,Standard Class,LC-16885,Lena Creighton,Consumer,United States,Roseville,California,95661,West,OFF-PA-10001736,Office Supplies,Paper,Xerox 1880,35.44,1,0,16.6568
136,CA-2016-145583,10/13/2016,10/19/2016,Standard Class,LC-16885,Lena Creighton,Consumer,United States,Roseville,California,95661,West,OFF-AR-10001149,Office Supplies,Art,"Sanford Colorific Colored Pencils, 12/Box",11.52,4,0,3.456
137,CA-2016-145583,10/13/2016,10/19/2016,Standard Class,LC-16885,Lena Creighton,Consumer,United States,Roseville,California,95661,West,OFF-FA-10002988,Office Supplies,Fasteners,Ideal Clamps,4.02,2,0,1.9698
138,CA-2016-145583,10/13/2016,10/19/2016,Standard Class,LC-16885,Lena Creighton,Consumer,United States,Roseville,California,95661,West,OFF-BI-10004781,Office Supplies,Binders,GBC Wire Binding Strips,76.176,3,0.2,26.6616
139,CA-2016-145583,10/13/2016,10/19/2016,Standard Class,LC-16885,Lena Creighton,Consumer,United States,Roseville,California,95661,West,OFF-SU-10001218,Office Supplies,Supplies,Fiskars Softgrip Scissors,65.88,6,0,18.4464
140,CA-2016-145583,10/13/2016,10/19/2016,Standard Class,LC-16885,Lena Creighton,Consumer,United States,Roseville,California,95661,West,FUR-FU-10001706,Furniture,Furnishings,Longer-Life Soft White Bulbs,43.12,14,0,20.6976
141,CA-2016-110366,9/5/2016,9/7/2016,Second Class,JD-15895,Jonathan Doherty,Corporate,United States,Philadelphia,Pennsylvania,19140,East,FUR-FU-10004848,Furniture,Furnishings,"Howard Miller 13-3/4"" Diameter Brushed Chrome Round Wall Clock",82.8,2,0.2,10.35
142,CA-2017-106180,9/18/2017,9/23/2017,Standard Class,SH-19975,Sally Hughsby,Corporate,United States,San Francisco,California,94122,West,OFF-AR-10000940,Office Supplies,Art,Newell 343,8.82,3,0,2.3814
143,CA-2017-106180,9/18/2017,9/23/2017,Standard Class,SH-19975,Sally Hughsby,Corporate,United States,San Francisco,California,94122,West,OFF-EN-10004030,Office Supplies,Envelopes,Convenience Packs of Business Envelopes,10.86,3,0,5.1042
144,CA-2017-106180,9/18/2017,9/23/2017,Standard Class,SH-19975,Sally Hughsby,Corporate,United States,San Francisco,California,94122,West,OFF-PA-10004327,Office Supplies,Paper,Xerox 1911,143.7,3,0,68.976
145,CA-2017-155376,12/22/2017,12/27/2017,Standard Class,SG-20080,Sandra Glassco,Consumer,United States,Independence,Missouri,64055,Central,OFF-AP-10001058,Office Supplies,Appliances,Sanyo 2.5 Cubic Foot Mid-Size Office Refrigerators,839.43,3,0,218.2518
146,CA-2015-110744,9/7/2015,9/12/2015,Standard Class,HA-14920,Helen Andreada,Consumer,United States,Pasadena,California,91104,West,OFF-ST-10003656,Office Supplies,Storage,Safco Industrial Wire Shelving,671.93,7,0,20.1579
147,CA-2014-110072,10/22/2014,10/28/2014,Standard Class,MG-17680,Maureen Gastineau,Home Office,United States,Newark,Ohio,43055,East,FUR-FU-10000521,Furniture,Furnishings,"Seth Thomas 14"" Putty-Colored Wall Clock",93.888,4,0.2,12.9096
148,CA-2016-114489,12/5/2016,12/9/2016,Standard Class,JE-16165,Justin Ellison,Corporate,United States,Franklin,Wisconsin,53132,Central,TEC-PH-10000215,Technology,Phones,Plantronics Cordless Phone Headset with In-line Volume - M214C,384.45,11,0,103.8015
149,CA-2016-114489,12/5/2016,12/9/2016,Standard Class,JE-16165,Justin Ellison,Corporate,United States,Franklin,Wisconsin,53132,Central,TEC-PH-10001448,Technology,Phones,Anker Astro 15000mAh USB Portable Charger,149.97,3,0,5.9988
9901,CA-2017-117646,8/21/2017,8/25/2017,Standard Class,SC-20845,Sung Chung,Consumer,United States,Louisville,Colorado,80027,West,OFF-ST-10000036,Office Supplies,Storage,"Recycled Data-Pak for Archival Bound Computer Printouts, 12-1/2 x 12-1/2 x 16",237.096,3,0.2,20.7459
9902,CA-2017-117646,8/21/2017,8/25/2017,Standard Class,SC-20845,Sung Chung,Consumer,United States,Louisville,Colorado,80027,West,FUR-FU-10001037,Furniture,Furnishings,"DAX Charcoal/Nickel-Tone Document Frame, 5 x 7",22.752,3,0.2,7.11
9903,CA-2017-117646,8/21/2017,8/25/2017,Standard Class,SC-20845,Sung Chung,Consumer,United States,Louisville,Colorado,80027,West,OFF-PA-10001950,Office Supplies,Paper,Southworth 25% Cotton Antique Laid Paper & Envelopes,6.672,1,0.2,2.085
9904,CA-2014-122609,11/12/2014,11/18/2014,Standard Class,DP-13000,Darren Powers,Consumer,United States,Carrollton,Texas,75007,Central,FUR-FU-10004587,Furniture,Furnishings,"GE General Use Halogen Bulbs, 100 Watts, 1 Bulb per Pack",25.128,3,0.6,-6.9102
9905,CA-2014-122609,11/12/2014,11/18/2014,Standard Class,DP-13000,Darren Powers,Consumer,United States,Carrollton,Texas,75007,Central,TEC-AC-10002567,Technology,Accessories,Logitech G602 Wireless Gaming Mouse,127.984,2,0.2,25.5968
9906,US-2015-129007,9/13/2015,9/15/2015,First Class,KD-16615,Ken Dana,Corporate,United States,Anaheim,California,92804,West,FUR-FU-10004973,Furniture,Furnishings,Flat Face Poster Frame,131.88,7,0,55.3896
9907,US-2015-129007,9/13/2015,9/15/2015,First Class,KD-16615,Ken Dana,Corporate,United States,Anaheim,California,92804,West,OFF-BI-10001628,Office Supplies,Binders,"Acco Data Flex Cable Posts For Top & Bottom Load Binders, 6"" Capacity",25.032,3,0.2,7.8225
9908,US-2015-129007,9/13/2015,9/15/2015,First Class,KD-16615,Ken Dana,Corporate,United States,Anaheim,California,92804,West,FUR-CH-10000155,Furniture,Chairs,Global Comet Stacking Armless Chair,717.72,3,0.2,71.772
9909,US-2015-129007,9/13/2015,9/15/2015,First Class,KD-16615,Ken Dana,Corporate,United States,Anaheim,California,92804,West,FUR-FU-10002379,Furniture,Furnishings,Eldon Econocleat Chair Mats for Low Pile Carpets,207.35,5,0,24.882
9910,US-2015-129007,9/13/2015,9/15/2015,First Class,KD-16615,Ken Dana,Corporate,United States,Anaheim,California,92804,West,FUR-FU-10004018,Furniture,Furnishings,Tensor Computer Mounted Lamp,44.67,3,0,12.0609
9911,US-2015-129007,9/13/2015,9/15/2015,First Class,KD-16615,Ken Dana,Corporate,United States,Anaheim,California,92804,West,OFF-PA-10000994,Office Supplies,Paper,Xerox 1915,209.7,2,0,100.656
9912,US-2014-157231,4/5/2014,4/9/2014,Standard Class,RP-19855,Roy Phan,Corporate,United States,Richmond,Kentucky,40475,South,OFF-BI-10002852,Office Supplies,Binders,Ibico Standard Transparent Covers,115.36,7,0,56.5264
9913,CA-2015-132388,10/10/2015,10/12/2015,First Class,KN-16390,Katherine Nockton,Corporate,United States,Santa Barbara,California,93101,West,FUR-CH-10001714,Furniture,Chairs,"Global Leather & Oak Executive Chair, Burgundy",362.136,3,0.2,-54.3204
9914,CA-2015-132388,10/10/2015,10/12/2015,First Class,KN-16390,Katherine Nockton,Corporate,United States,Santa Barbara,California,93101,West,OFF-LA-10000414,Office Supplies,Labels,Avery 503,31.05,3,0,14.904
9915,CA-2017-160927,1/29/2017,1/31/2017,Second Class,TM-21010,Tamara Manning,Consumer,United States,Marion,Iowa,52302,Central,OFF-PA-10003848,Office Supplies,Paper,Xerox 1997,12.96,2,0,6.2208
9916,CA-2017-160927,1/29/2017,1/31/2017,Second Class,TM-21010,Tamara Manning,Consumer,United States,Marion,Iowa,52302,Central,OFF-PA-10000176,Office Supplies,Paper,Xerox 1887,94.85,5,0,45.528
9917,CA-2017-160927,1/29/2017,1/31/2017,Second Class,TM-21010,Tamara Manning,Consumer,United States,Marion,Iowa,52302,Central,OFF-ST-10001590,Office Supplies,Storage,"Tenex Personal Project File with Scoop Front Design, Black",13.48,1,0,3.5048
9918,CA-2017-160927,1/29/2017,1/31/2017,Second Class,TM-21010,Tamara Manning,Consumer,United States,Marion,Iowa,52302,Central,FUR-FU-10000010,Furniture,Furnishings,"DAX Value U-Channel Document Frames, Easel Back",14.91,3,0,4.6221
9919,CA-2015-105508,9/24/2015,9/29/2015,Standard Class,JF-15190,Jamie Frazer,Consumer,United States,New York City,New York,10035,East,OFF-EN-10003055,Office Supplies,Envelopes,"Blue String-Tie & Button Interoffice Envelopes, 10 x 13",39.98,1,0,17.991
9920,CA-2016-149272,3/15/2016,3/19/2016,Standard Class,MY-18295,Muhammed Yedwab,Corporate,United States,Bryan,Texas,77803,Central,FUR-CH-10000863,Furniture,Chairs,Novimex Swivel Fabric Task Chair,528.43,5,0.3,-143.431
9921,CA-2016-149272,3/15/2016,3/19/2016,Standard Class,MY-18295,Muhammed Yedwab,Corporate,United States,Bryan,Texas,77803,Central,OFF-BI-10004233,Office Supplies,Binders,"GBC Pre-Punched Binding Paper, Plastic, White, 8-1/2"" x 11""",22.386,7,0.8,-35.8176
9922,CA-2014-111360,11/24/2014,11/30/2014,Standard Class,AT-10435,Alyssa Tate,Home Office,United States,Akron,Ohio,44312,East,OFF-BI-10003350,Office Supplies,Binders,Acco Expandable Hanging Binders,5.742,3,0.7,-4.5936
9923,US-2017-162124,5/6/2017,5/10/2017,Standard Class,JF-15490,Jeremy Farry,Consumer,United States,Chicago,Illinois,60653,Central,TEC-AC-10001990,Technology,Accessories,Kensington Orbit Wireless Mobile Trackball for PC and Mac,191.968,4,0.2,28.7952
9924,CA-2015-159534,3/20/2015,3/23/2015,First Class,DH-13075,Dave Hallsten,Corporate,United States,New York City,New York,10035,East,OFF-BI-10003982,Office Supplies,Binders,Wilson Jones Century Plastic Molded Ring Binders,49.848,3,0.2,16.8237
9925,CA-2015-159534,3/20/2015,3/23/2015,First Class,DH-13075,Dave Hallsten,Corporate,United States,New York City,New York,10035,East,OFF-EN-10004386,Office Supplies,Envelopes,"Recycled Interoffice Envelopes with String and Button Closure, 10 x 13",23.99,1,0,11.995
9926,CA-2015-159534,3/20/2015,3/23/2015,First Class,DH-13075,Dave Hallsten,Corporate,United States,New York City,New York,10035,East,OFF-BI-10003656,Office Supplies,Binders,Fellowes PB200 Plastic Comb Binding Machine,1087.936,8,0.2,353.5792
9927,CA-2015-159534,3/20/2015,3/23/2015,First Class,DH-13075,Dave Hallsten,Corporate,United States,New York City,New York,10035,East,TEC-PH-10002310,Technology,Phones,Panasonic KX T7731-B Digital phone,199.98,2,0,53.9946
9928,CA-2015-159534,3/20/2015,3/23/2015,First Class,DH-13075,Dave Hallsten,Corporate,United States,New York City,New York,10035,East,OFF-ST-10001172,Office Supplies,Storage,"Tennsco Lockers, Sand",83.92,4,0,20.1408
9929,CA-2016-129630,9/4/2016,9/4/2016,Same Day,IM-15055,Ionia McGrath,Consumer,United States,San Francisco,California,94122,West,FUR-FU-10000260,Furniture,Furnishings,"6"" Cubicle Wall Clock, Black",24.27,3,0,8.7372
9930,CA-2016-129630,9/4/2016,9/4/2016,Same Day,IM-15055,Ionia McGrath,Consumer,United States,San Francisco,California,94122,West,TEC-CO-10003763,Technology,Copiers,Canon PC1060 Personal Laser Copier,2799.96,5,0.2,944.9865
9931,CA-2015-104948,11/13/2015,11/17/2015,Standard Class,KH-16510,Keith Herrera,Consumer,United States,San Bernardino,California,92404,West,OFF-BI-10001267,Office Supplies,Binders,"Universal Recycled Hanging Pressboard Report Binders, Letter Size",9.872,2,0.2,3.4552
9932,CA-2015-104948,11/13/2015,11/17/2015,Standard Class,KH-16510,Keith Herrera,Consumer,United States,San Bernardino,California,92404,West,FUR-BO-10004357,Furniture,Bookcases,O'Sullivan Living Dimensions 3-Shelf Bookcases,683.332,4,0.15,-40.196
9933,CA-2015-104948,11/13/2015,11/17/2015,Standard Class,KH-16510,Keith Herrera,Consumer,United States,San Bernardino,California,92404,West,OFF-PA-10004610,Office Supplies,Paper,Xerox 1900,29.96,7,0,13.482
9934,CA-2014-166555,7/11/2014,7/14/2014,First Class,JK-15205,Jamie Kunitz,Consumer,United States,Niagara Falls,New York,14304,East,TEC-PH-10004912,Technology,Phones,Cisco SPA112 2 Port Phone Adapter,164.85,3,0,47.8065
9935,CA-2016-114405,4/7/2016,4/12/2016,Standard Class,AS-10240,Alan Shonely,Consumer,United States,Philadelphia,Pennsylvania,19120,East,OFF-AP-10003278,Office Supplies,Appliances,Belkin 7-Outlet SurgeMaster Home Series,33.528,3,0.2,2.5146
9936,CA-2016-114405,4/7/2016,4/12/2016,Standard Class,AS-10240,Alan Shonely,Consumer,United States,Philadelphia,Pennsylvania,19120,East,OFF-ST-10001627,Office Supplies,Storage,Eldon Jumbo ProFile Portable File Boxes Graphite/Black,36.744,3,0.2,3.6744
9937,CA-2017-132955,6/24/2017,6/28/2017,Standard Class,SC-20575,Sonia Cooley,Consumer,United States,Cranston,Rhode Island,2920,East,OFF-BI-10002735,Office Supplies,Binders,GBC Prestige Therm-A-Bind Covers,102.93,3,0,48.3771
9938,CA-2016-164889,6/3/2016,6/6/2016,Second Class,CP-12340,Christine Phan,Corporate,United States,Los Angeles,California,90049,West,FUR-TA-10001676,Furniture,Tables,Hon 61000 Series Interactive Training Tables,71.088,2,0.2,-1.7772
9939,CA-2016-169824,12/12/2016,12/17/2016,Standard Class,NS-18640,Noel Staavos,Corporate,United States,New York City,New York,10009,East,FUR-FU-10004864,Furniture,Furnishings,Eldon 500 Class Desk Accessories,60.35,5,0,19.9155
9940,CA-2016-169824,12/12/2016,12/17/2016,Standard Class,NS-18640,Noel Staavos,Corporate,United States,New York City,New York,10009,East,OFF-SU-10000952,Office Supplies,Supplies,Fiskars Home & Office Scissors,35.52,4,0,9.9456
9941,CA-2016-169824,12/12/2016,12/17/2016,Standard Class,NS-18640,Noel Staavos,Corporate,United States,New York City,New York,10009,East,OFF-AR-10000462,Office Supplies,Art,Sanford Pocket Accent Highlighters,11.2,7,0,4.816
9942,CA-2017-164028,11/24/2017,11/30/2017,Standard Class,JL-15835,John Lee,Consumer,United States,San Francisco,California,94122,West,TEC-AC-10001772,Technology,Accessories,Memorex Mini Travel Drive 16 GB USB 2.0 Flash Drive,223.58,14,0,87.1962
9943,CA-2014-143371,12/28/2014,1/3/2015,Standard Class,MD-17350,Maribeth Dona,Consumer,United States,Anaheim,California,92804,West,OFF-ST-10001128,Office Supplies,Storage,"Carina Mini System Audio Rack, Model AR050B",998.82,9,0,29.9646
9944,CA-2014-143371,12/28/2014,1/3/2015,Standard Class,MD-17350,Maribeth Dona,Consumer,United States,Anaheim,California,92804,West,OFF-SU-10002537,Office Supplies,Supplies,Acme Box Cutter Scissors,51.15,5,0,13.299
9945,CA-2015-145415,4/12/2015,4/17/2015,Second Class,RD-19660,Robert Dilbeck,Home Office,United States,Seattle,Washington,98103,West,OFF-ST-10000419,Office Supplies,Storage,"Rogers Jumbo File, Granite",40.74,3,0,0.4074
9946,CA-2014-111157,3/2/2014,3/6/2014,Standard Class,NH-18610,Nicole Hansen,Corporate,United States,Philadelphia,Pennsylvania,19120,East,OFF-PA-10000327,Office Supplies,Paper,Xerox 1971,3.424,1,0.2,1.07
9947,CA-2014-111157,3/2/2014,3/6/2014,Standard Class,NH-18610,Nicole Hansen,Corporate,United States,Philadelphia,Pennsylvania,19120,East,TEC-AC-10004353,Technology,Accessories,Hypercom P1300 Pinpad,151.2,3,0.2,32.13
9948,CA-2017-121559,6/1/2017,6/3/2017,Second Class,HW-14935,Helen Wasserman,Corporate,United States,Indianapolis,Indiana,46203,Central,FUR-CH-10003746,Furniture,Chairs,Hon 4070 Series Pagoda Round Back Stacking Chairs,1925.88,6,0,539.2464
9949,CA-2017-121559,6/1/2017,6/3/2017,Second Class,HW-14935,Helen Wasserman,Corporate,United States,Indianapolis,Indiana,46203,Central,OFF-AP-10002945,Office Supplies,Appliances,Honeywell Enviracaire Portable HEPA Air Cleaner for 17' x 22' Room,2405.2,8,0,793.716
9950,CA-2017-121559,6/1/2017,6/3/2017,Second Class,HW-14935,Helen Wasserman,Corporate,United States,Indianapolis,Indiana,46203,Central,TEC-AC-10004568,Technology,Accessories,Maxell LTO Ultrium - 800 GB,83.97,3,0,15.9543
9951,CA-2017-121559,6/1/2017,6/3/2017,Second Class,HW-14935,Helen Wasserman,Corporate,United States,Indianapolis,Indiana,46203,Central,TEC-AC-10001714,Technology,Accessories,Logitech MX Performance Wireless Mouse,39.89,1,0,14.7593
9952,CA-2017-121559,6/1/2017,6/3/2017,Second Class,HW-14935,Helen Wasserman,Corporate,United States,Indianapolis,Indiana,46203,Central,OFF-BI-10002072,Office Supplies,Binders,Cardinal Slant-D Ring Binders,17.38,2,0,8.69
9953,CA-2015-141593,12/14/2015,12/16/2015,Second Class,DB-12970,Darren Budd,Corporate,United States,Los Angeles,California,90045,West,OFF-BI-10001153,Office Supplies,Binders,Ibico Recycled Grain-Textured Covers,55.264,2,0.2,20.724
9954,CA-2015-141593,12/14/2015,12/16/2015,Second Class,DB-12970,Darren Budd,Corporate,United States,Los Angeles,California,90045,West,OFF-PA-10004983,Office Supplies,Paper,Xerox 23,6.48,1,0,3.1104
9955,CA-2015-141593,12/14/2015,12/16/2015,Second Class,DB-12970,Darren Budd,Corporate,United States,Los Angeles,California,90045,West,OFF-BI-10000948,Office Supplies,Binders,"GBC Laser Imprintable Binding System Covers, Desert Sand",34.248,3,0.2,11.5587
9956,CA-2015-141593,12/14/2015,12/16/2015,Second Class,DB-12970,Darren Budd,Corporate,United States,Los Angeles,California,90045,West,FUR-TA-10002622,Furniture,Tables,"Bush Andora Conference Table, Maple/Graphite Gray Finish",273.568,2,0.2,10.2588
9957,US-2014-143287,11/11/2014,11/17/2014,Standard Class,KN-16705,Kristina Nunn,Home Office,United States,New Rochelle,New York,10801,East,OFF-PA-10001776,Office Supplies,Paper,"Wirebound Message Books, Four 2 3/4"" x 5"" Forms per Page, 600 Sets per Book",46.35,5,0,21.7845
9958,US-2014-143287,11/11/2014,11/17/2014,Standard Class,KN-16705,Kristina Nunn,Home Office,United States,New Rochelle,New York,10801,East,OFF-PA-10004039,Office Supplies,Paper,Xerox 1882,223.92,4,0,109.7208
9959,US-2014-143287,11/11/2014,11/17/2014,Standard Class,KN-16705,Kristina Nunn,Home Office,United States,New Rochelle,New York,10801,East,OFF-SU-10001574,Office Supplies,Supplies,Acme Value Line Scissors,7.3,2,0,2.19
9960,CA-2017-137421,10/6/2017,10/11/2017,Standard Class,AJ-10945,Ashley Jarboe,Consumer,United States,Chandler,Arizona,85224,West,OFF-AR-10001761,Office Supplies,Art,Avery Hi-Liter Smear-Safe Highlighters,9.344,2,0.2,1.8688
9961,CA-2017-141446,9/16/2017,9/18/2017,Second Class,CL-12700,Craig Leslie,Home Office,United States,Florence,Kentucky,41042,South,TEC-AC-10002305,Technology,Accessories,KeyTronic E03601U1 - Keyboard - Beige,18,1,0,3.24
9962,CA-2015-168088,3/19/2015,3/22/2015,First Class,CM-12655,Corinna Mitchell,Home Office,United States,Houston,Texas,77041,Central,OFF-PA-10000675,Office Supplies,Paper,Xerox 1919,65.584,2,0.2,23.7742
9963,CA-2015-168088,3/19/2015,3/22/2015,First Class,CM-12655,Corinna Mitchell,Home Office,United States,Houston,Texas,77041,Central,FUR-BO-10004218,Furniture,Bookcases,"Bush Heritage Pine Collection 5-Shelf Bookcase, Albany Pine Finish, *Special Order",383.4656,4,0.32,-67.6704
9964,CA-2015-143700,7/26/2015,7/26/2015,Same Day,AS-10240,Alan Shonely,Consumer,United States,Philadelphia,Pennsylvania,19140,East,OFF-PA-10003072,Office Supplies,Paper,"Eureka Recycled Copy Paper 8 1/2"" x 11"", Ream",10.368,2,0.2,3.6288
9965,CA-2016-146374,12/5/2016,12/10/2016,Second Class,HE-14800,Harold Engle,Corporate,United States,Newark,Delaware,19711,East,FUR-FU-10002671,Furniture,Furnishings,Electrix 20W Halogen Replacement Bulb for Zoom-In Desk Lamp,13.4,1,0,6.432
9966,CA-2016-146374,12/5/2016,12/10/2016,Second Class,HE-14800,Harold Engle,Corporate,United States,Newark,Delaware,19711,East,OFF-PA-10000349,Office Supplies,Paper,Easy-staple paper,4.98,1,0,2.3406
9967,CA-2016-146374,12/5/2016,12/10/2016,Second Class,HE-14800,Harold Engle,Corporate,United States,Newark,Delaware,19711,East,OFF-EN-10004483,Office Supplies,Envelopes,"#10 White Business Envelopes,4 1/8 x 9 1/2",109.69,7,0,51.5543
9968,CA-2017-153871,12/11/2017,12/17/2017,Standard Class,RB-19435,Richard Bierner,Consumer,United States,Plainfield,New Jersey,7060,East,OFF-BI-10004209,Office Supplies,Binders,"Fellowes Twister Kit, Gray/Clear, 3/pkg",40.2,5,0,18.09
9969,CA-2017-153871,12/11/2017,12/17/2017,Standard Class,RB-19435,Richard Bierner,Consumer,United States,Plainfield,New Jersey,7060,East,OFF-BI-10004600,Office Supplies,Binders,Ibico Ibimaster 300 Manual Binding System,735.98,2,0,331.191
9970,CA-2017-153871,12/11/2017,12/17/2017,Standard Class,RB-19435,Richard Bierner,Consumer,United States,Plainfield,New Jersey,7060,East,OFF-AP-10003622,Office Supplies,Appliances,"Bravo II Megaboss 12-Amp Hard Body Upright, Replacement Belts, 2 Belts per Pack",22.75,7,0,6.5975
9971,CA-2015-103772,6/28/2015,7/2/2015,Standard Class,MP-17470,Mark Packer,Home Office,United States,Smyrna,Georgia,30080,South,OFF-BI-10002867,Office Supplies,Binders,GBC Recycled Regency Composition Covers,119.56,2,0,54.9976
9972,CA-2015-103772,6/28/2015,7/2/2015,Standard Class,MP-17470,Mark Packer,Home Office,United States,Smyrna,Georgia,30080,South,OFF-AR-10000538,Office Supplies,Art,"Boston Model 1800 Electric Pencil Sharpener, Gray",140.75,5,0,42.225
9973,CA-2016-130225,9/11/2016,9/17/2016,Standard Class,RC-19960,Ryan Crowe,Consumer,United States,Houston,Texas,77041,Central,OFF-EN-10000056,Office Supplies,Envelopes,Cameo Buff Policy Envelopes,99.568,2,0.2,33.6042
9974,US-2016-103674,12/6/2016,12/10/2016,Standard Class,AP-10720,Anne Pryor,Home Office,United States,Los Angeles,California,90032,West,TEC-PH-10004080,Technology,Phones,Avaya 5410 Digital phone,271.96,5,0.2,27.196
9975,US-2016-103674,12/6/2016,12/10/2016,Standard Class,AP-10720,Anne Pryor,Home Office,United States,Los Angeles,California,90032,West,OFF-AR-10004752,Office Supplies,Art,Blackstonian Pencils,18.69,7,0,5.2332
9976,US-2016-103674,12/6/2016,12/10/2016,Standard Class,AP-10720,Anne Pryor,Home Office,United States,Los Angeles,California,90032,West,OFF-PA-10000743,Office Supplies,Paper,Xerox 1977,13.36,2,0,6.4128
9977,US-2016-103674,12/6/2016,12/10/2016,Standard Class,AP-10720,Anne Pryor,Home Office,United States,Los Angeles,California,90032,West,TEC-PH-10002496,Technology,Phones,Cisco SPA301,249.584,2,0.2,31.198
9978,US-2016-103674,12/6/2016,12/10/2016,Standard Class,AP-10720,Anne Pryor,Home Office,United States,Los Angeles,California,90032,West,OFF-FA-10003467,Office Supplies,Fasteners,"Alliance Big Bands Rubber Bands, 12/Pack",13.86,7,0,0
9979,US-2016-103674,12/6/2016,12/10/2016,Standard Class,AP-10720,Anne Pryor,Home Office,United States,Los Angeles,California,90032,West,OFF-BI-10003727,Office Supplies,Binders,Avery Durable Slant Ring Binders With Label Holder,13.376,4,0.2,4.6816
9980,US-2016-103674,12/6/2016,12/10/2016,Standard Class,AP-10720,Anne Pryor,Home Office,United States,Los Angeles,California,90032,West,OFF-BI-10002026,Office Supplies,Binders,Ibico Recycled Linen-Style Covers,437.472,14,0.2,153.1152
9981,US-2015-151435,9/6/2015,9/9/2015,Second Class,SW-20455,Shaun Weien,Consumer,United States,Lafayette,Louisiana,70506,South,FUR-TA-10001039,Furniture,Tables,KI Adjustable-Height Table,85.98,1,0,22.3548
9982,CA-2017-163566,8/3/2017,8/6/2017,First Class,TB-21055,Ted Butterfield,Consumer,United States,Fairfield,Ohio,45014,East,OFF-LA-10004484,Office Supplies,Labels,Avery 476,16.52,5,0.2,5.369
9983,US-2016-157728,9/22/2016,9/28/2016,Standard Class,RC-19960,Ryan Crowe,Consumer,United States,Grand Rapids,Michigan,49505,Central,OFF-PA-10002195,Office Supplies,Paper,"RSVP Cards & Envelopes, Blank White, 8-1/2"" X 11"", 24 Cards/25 Envelopes/Set",35.56,7,0,16.7132
9984,US-2016-157728,9/22/2016,9/28/2016,Standard Class,RC-19960,Ryan Crowe,Consumer,United States,Grand Rapids,Michigan,49505,Central,TEC-PH-10001305,Technology,Phones,Panasonic KX TS208W Corded phone,97.98,2,0,27.4344
9985,CA-2015-100251,5/17/2015,5/23/2015,Standard Class,DV-13465,Dianna Vittorini,Consumer,United States,Long Beach,New York,11561,East,OFF-LA-10003766,Office Supplies,Labels,Self-Adhesive Removable Labels,31.5,10,0,15.12
9986,CA-2015-100251,5/17/2015,5/23/2015,Standard Class,DV-13465,Dianna Vittorini,Consumer,United States,Long Beach,New York,11561,East,OFF-SU-10000898,Office Supplies,Supplies,"Acme Hot Forged Carbon Steel Scissors with Nickel-Plated Handles, 3 7/8"" Cut, 8""L",55.6,4,0,16.124
9987,CA-2016-125794,9/29/2016,10/3/2016,Standard Class,ML-17410,Maris LaWare,Consumer,United States,Los Angeles,California,90008,West,TEC-AC-10003399,Technology,Accessories,Memorex Mini Travel Drive 64 GB USB 2.0 Flash Drive,36.24,1,0,15.2208
9988,CA-2017-163629,11/17/2017,11/21/2017,Standard Class,RA-19885,Ruben Ausman,Corporate,United States,Athens,Georgia,30605,South,TEC-AC-10001539,Technology,Accessories,Logitech G430 Surround Sound Gaming Headset with Dolby 7.1 Technology,79.99,1,0,28.7964
9989,CA-2017-163629,11/17/2017,11/21/2017,Standard Class,RA-19885,Ruben Ausman,Corporate,United States,Athens,Georgia,30605,South,TEC-PH-10004006,Technology,Phones,Panasonic KX - TS880B Telephone,206.1,5,0,55.647
9990,CA-2014-110422,1/21/2014,1/23/2014,Second Class,TB-21400,Tom Boeckenhauer,Consumer,United States,Miami,Florida,33180,South,FUR-FU-10001889,Furniture,Furnishings,Ultra Door Pull Handle,25.248,3,0.2,4.1028
9991,CA-2017-121258,2/26/2017,3/3/2017,Standard Class,DB-13060,Dave Brooks,Consumer,United States,Costa Mesa,California,92627,West,FUR-FU-10000747,Furniture,Furnishings,Tenex B1-RE Series Chair Mats for Low Pile Carpets,91.96,2,0,15.6332
9992,CA-2017-121258,2/26/2017,3/3/2017,Standard Class,DB-13060,Dave Brooks,Consumer,United States,Costa Mesa,California,92627,West,TEC-PH-10003645,Technology,Phones,Aastra 57i VoIP phone,258.576,2,0.2,19.3932
9993,CA-2017-121258,2/26/2017,3/3/2017,Standard Class,DB-13060,Dave Brooks,Consumer,United States,Costa Mesa,California,92627,West,OFF-PA-10004041,Office Supplies,Paper,"It's Hot Message Books with Stickers, 2 3/4"" x 5""",29.6,4,0,13.32
9994,CA-2017-119914,5/4/2017,5/9/2017,Second Class,CC-12220,Chris Cortes,Consumer,United States,Westminster,California,92683,West,OFF-AP-10002684,Office Supplies,Appliances,"Acco 7-Outlet Masterpiece Power Center, Wihtout Fax/Phone Line Protection",243.16,2,0,72.948